x_1,x_2,y
1.9391120881669761,-1.6642568953460417,1.632476676045534
-1.606091642805191,-1.2433648359208798,1.0313716200733083
-0.010611948454100961,0.964545017790134,0.2326149261984406
-1.4914711053271041,0.3979946458095154,0.5957214490296738
0.18267878901354706,-1.9452508629218142,0.9543431149133796
0.8346851781826108,0.27535027463415407,0.1931292801047102
-0.43242616593055416,-0.21786621202185463,0.05861451883053772
-0.34389995281633423,1.576141101185514,0.6506219870983404
0.7090246799003519,1.758132274980357,0.8984362732588506
1.714280151121507,1.6727243009542638,1.434190755883027
1.9547343906800334,0.5102624118152623,1.0203385667546925
1.524234842108101,-0.1638887681684964,0.5875378455570236
0.26358415761613463,0.6164816489470746,0.11238155790867785
-0.6990203846518095,1.0616179496079505,0.4039155422721382
0.4734191351418917,1.5194249032606422,0.6331944285417771
0.8912270294366773,-1.2287667625495517,0.5760383436862576
1.1638875931196968,0.7045601804541528,0.46275984432488726
1.5840749029788102,-0.1871791615352434,0.6360823341900909
-1.7882191721758258,0.4869934665195279,0.8587226110424756
1.1791460293227676,-0.16544433944723114,0.35443929698069493
1.5516107033084157,-1.305523272253271,1.0279716972540311
-1.5587475683648337,1.2527308122851277,0.9997571174829596
-1.9389944325511825,-1.3816170120074984,1.4171412443332525
0.2734047543029572,-1.8500539244645604,0.8743624207755454
1.6258591581570179,1.8745502993726677,1.5393392067603013
-0.9046121658361299,-0.6350926161309283,0.3054164504106901
1.0421971607944824,1.5438063584432058,0.8673782485844381
-0.5422173665232424,1.008368635100958,0.32770174420369225
-1.4726789439771797,-1.603043781103572,1.1846331590421446
-0.6153603471100957,-1.121007626621715,0.408831613934877
0.8544160427718319,0.2541750166096586,0.1986579283035993
1.1147089030630366,0.43364328348438486,0.3576556089697792
1.2299560580407092,1.2207365393425063,0.7507474007992396
0.8783166549828807,1.8443513418368807,1.0432680046389546
-1.1555448948707379,-0.18383813352268952,0.3422701158497327
-1.9286456801226066,-1.0348310034964627,1.197637341313272
0.08947270877140934,-1.2928024889857643,0.4198359102856702
-1.4910310645618594,-0.13951306926249707,0.5606593829958785
0.07659542091331195,0.5970959373766029,0.09059760423413289
-0.4895990963614989,0.8525923996385965,0.24165526876987412
0.12483606351116716,0.6246992552126498,0.10145830055405088
0.5784661522084606,-0.4165406827353175,0.1270323074061166
-0.13055712695128863,-0.2565371864409127,0.020714122856198627
0.42886371754444186,0.029319998038104256,0.04619593762774831
-1.266208620255029,1.9791245869482421,1.3800546001677985
0.4613193172042971,-0.08631188626496789,0.055066313534113905
-0.7065239578121245,0.9723384894321931,0.36115456024844694
0.03727786081341122,1.5522717972321667,0.6027343428473012
0.7658087943408174,-1.1999406110181563,0.5065801448650906
1.517366261656628,-0.5633409013093833,0.6549383357754696
-0.8974591620901688,-0.728035126389103,0.33386702321899625
-0.08982220798927898,1.4997777940938217,0.5643503651762498
-1.351216688451856,-1.7052608799913842,1.1834253019949474
-1.0173247991494296,1.4259131247119092,0.767044496547527
0.725487566716259,0.5185699087488294,0.19881173992991188
-0.055891177633966116,-1.8142162510175917,0.8236261072984092
0.11041359767715786,1.319571966773152,0.4383653345113945
1.9418707521328566,-1.033316011659319,1.209650999485137
0.1535565660942102,-1.9216736661658782,0.9291023245565132
-1.853956339638192,1.4766851731061648,1.4044383024390568
1.248492491081985,-0.229240845721026,0.4028212164087479
-1.3879326189181507,-0.060591396147384735,0.48250706798602144
0.9630094194186025,1.199486171459447,0.5915385543528489
0.35741298356924966,0.774452483813934,0.1818801726273611
1.0821426163831522,0.06308126610326381,0.2937529720814412
-1.3812792888110326,1.9303312410498417,1.4085277934678335
-1.2477293199785233,1.9749320785434854,1.36429629269854
1.316340141706137,1.8073532377683343,1.2498192736846534
-1.888464219369693,-1.9836701195840512,1.875311062792547
-1.9093076367282187,-1.1881317769114768,1.2642781927438798
0.747472496298168,-1.1312776251388392,0.45962604946549673
1.8166312413235972,-0.2852454529152393,0.8453785088404334
1.830363546477404,1.4416668150304544,1.3571584794583484
0.9255170192616786,0.7066113847657163,0.3389703505058864
0.26987541272795834,-0.46563044115647756,0.07241111153166543
-1.9600121771844536,-1.5465429046594408,1.5583606726659505
1.4219192805608971,-1.5691388973300517,1.1210128298862476
-1.12383673044853,-0.8766538313518062,0.5078827341822607
1.5034017786061016,1.158447468997423,0.9005543615856312
-0.6482390491199501,1.123293512294361,0.42050054489163474
0.4673619048861606,0.4934051680593945,0.11546895250163498
-1.292697182076124,0.22669665438937248,0.4306143444147216
-0.018537736344079736,-0.226920875831909,0.012959182889270822
0.03444324047431513,1.3254258167473298,0.43948498312867446
-0.34468067137589253,0.5763373895099564,0.11274238794182181
-1.0465879462832497,1.2978780915616186,0.6949584674652549
1.56088067587651,0.1824730940515984,0.6174112285943685
1.4140715472666607,1.0135572520466303,0.7567241609913611
-0.05122268375062866,-0.017268677772689145,0.0007304926406584714
-0.6331253217849806,-0.525112403575247,0.16914767736847708
-1.0812985388439809,-0.00024367452523854638,0.29230164737085057
-1.012265193610221,0.7046073477577885,0.3802880841772508
-0.9162974438109872,-1.3618761524947427,0.6735769150671083
0.38579143134437377,1.2830332353200293,0.4487523278586306
-0.7974463182564917,-1.2533832855355755,0.551722572740197
-0.6705416584706492,0.05356100214955051,0.11312372417395822
-1.8693403574238165,-1.713278674682699,1.6074392972539768
1.1607963414694877,0.2306973041201248,0.3501673481243102
1.656394465330282,1.0887605551461252,0.9822605428047224
-1.2194496500542136,-0.7574710125605089,0.5152049459716966
0.45497074028960105,1.7508865275543242,0.8181505017227267
-1.7590204930616915,-1.745493831132472,1.5352254523831277
-0.4365635981047542,-0.3113761113064828,0.07188571447062912
-0.41008902335995145,-1.8392131374003386,0.8877194929665789
1.4155799895654928,-0.7881383249107023,0.6562571815128222
1.3104885997083895,0.18116677562457983,0.4375504426389656
-1.2677113382570004,-1.0112470305944536,0.6574281485078637
1.2708874324470916,-1.2516984342282718,0.795475959050367
0.9489170757259084,-1.6595123782735346,0.9136062375618231
-0.9383443474638993,0.8442721480443716,0.39832139359522706
1.8087229293882667,-0.38135076325417705,0.8542267599823541
-0.32591838882650226,-0.09376312810398524,0.028753580091776865
1.5959471875854052,1.389015575020871,1.1191029233030814
-0.5266365476310089,-1.019961218547325,0.329416735160313
-0.3892540093288601,0.8104150324907988,0.2020728021664137
-1.0885811876193188,0.5832085146368469,0.38128529339590095
1.6902201055948174,1.8210829841039562,1.5432968100874813
-1.3009458223099268,-0.9719542830651329,0.6592887902385771
1.8034049014213767,-0.3890082122503902,0.8508991569172224
-0.4591162248534082,-0.3465892477767203,0.08272795364951951
0.8295663922231036,-1.0367030294110582,0.4407333925740303
0.36850620789160216,-1.9367908041950175,0.9717388611172578
-0.9210834365677991,-1.1092367658761622,0.5197002249727387
-1.2187619843520436,-1.7368628212071777,1.125518308548372
-0.39548768126785205,1.1137320161347102,0.34920237744952715
-1.920479333948761,-1.6801223172099031,1.6277629682277626
-1.9558902750680445,0.4166140544808501,0.9997685096241808
0.5275260560813808,-1.7667171631005658,0.8498933185597218
0.9218301828011302,0.09343889785593351,0.21462542838892415
1.778673811871236,-1.4844550918146804,1.341821862162771
0.7083164675156306,-0.2298692432270446,0.1386380217838989
-1.0271489156098652,0.37100125150615737,0.29816920586441426
-1.4328229337550722,-1.3840787730777047,0.9921639023946941
-1.0152290003189797,1.773429813444905,1.0439358065759763
1.498137438761995,0.42871595248214334,0.6070532883332553
0.2449925079560238,1.3079765512099222,0.44270599686739615
-0.4413764160985796,-0.4513747482470163,0.09963807601077096
-0.8222728919948787,-0.1718189064774842,0.176413611383185
1.6711774163273097,0.748699876400321,0.8383463654410694
-0.13155515677464003,-1.8792676820585577,0.8872384450259361
-1.5431150023699818,-0.7504955512828655,0.7361118707586702
-0.2700569351216857,-1.0565868563805711,0.29732663332087406
1.9317860999366983,1.415904174580823,1.4341455418760103
0.2851298067797785,0.451355138761834,0.07125511700024706
-1.3046963678191577,-0.22631354849722563,0.4383626086084772
0.945843958183314,-0.0003642410630857462,0.2236552314758577
0.4190050101225187,0.30231352158428937,0.06673966596011664
1.8766136746784303,-0.840232678184571,1.0569174593698247
-1.1372763772894294,1.292405033695922,0.7409270823657815
-1.8652216156269574,1.3882261872471116,1.3515559055901725
1.1934008110298628,-0.34369202372452134,0.38558242573464785
-0.5037622211023809,0.8299649719959401,0.23565455753755643
1.5858623962430398,-0.17128896813229932,0.6360748626053859
1.0407995277054032,1.9017406388800744,1.1749702786099459
1.1971183894139115,0.009207307532135722,0.3582943031962372
-1.434260349425085,1.5582399406111693,1.121303615612217
-0.23261037688019304,-1.5725802057810694,0.6317790227616941
-1.4056684497864298,1.814905907660799,1.3174468110967634
0.17537932707955184,-1.3124876945511783,0.4383454641787859
-0.0004714489413077949,-1.077113013188678,0.2900431663611243
1.1158865203451267,1.431338973773801,0.823483496032948
-1.9047059810542644,-1.160850599343136,1.2438697470648012
-1.2846233988061146,1.643771121586667,1.0880601942306158
-1.2424094986330503,0.22630400540153817,0.3986987162886017
1.7252436799335538,-0.414518141923641,0.7870727612836246
-1.1536590965922406,1.880110886109211,1.216436563804097
0.9650465266477171,-1.6023657682363361,0.8747227134526117
-0.9574909242321783,-0.6514580110976746,0.33529660255258226
-0.9575841216421401,1.5227286130816604,0.8089174447796865
-1.359211960134664,-1.5850939395760846,1.0899949874634869
0.3504521375706524,1.540150640659737,0.6237201741631094
-1.382893981189938,-0.30711536667771666,0.5016789029152362
-0.9028368786345453,1.9965729594918429,1.2003545029991463
-1.0744121912193947,1.2980196818362235,0.709804162768768
-0.6643559457442652,-0.05607493956802667,0.11112830537332871
0.9222142515767948,-0.29867004731607594,0.2349207307437837
-1.5724662612514289,0.97570887236165,0.8561644865948225
-0.6141189533855291,0.250913889300477,0.11002496718780742
1.236274275836959,-0.3431861959408864,0.4115377125451434
-0.30099499459894474,-0.7934604753924499,0.18004437819590782
-1.5899674194689748,-1.8441978632566225,1.4822655384532806
-0.6665825042288809,-1.0969390874393494,0.41190189912407965
0.8994011561686239,-1.2937403298726249,0.6206716202140965
-1.6880450633304265,-1.1072083535503467,1.0188516185014733
-1.0218387143476533,1.05559142113202,0.5396069016267957
-1.836125001951916,-0.5699156707209232,0.9240397236315507
-0.9589685097908784,1.0137056581255393,0.4868049410215677
-1.512190912968581,-0.6788638931190363,0.6868943856613713
1.7815340374066584,-0.49502476975423537,0.8547282622771756
0.9077700049398483,0.800563201996666,0.36623695556491165
0.8907396209527065,0.24335102510612172,0.21315919843879289
1.2008708880129881,0.885053984999792,0.5563528615102787
-0.2399824190466031,-1.476484662913557,0.559399630317605
-0.2936236049393113,1.8677318569020533,0.8936592776660872
1.6924897917727035,-0.25425858172600746,0.7322922804090325
-1.2985460227085155,-0.8699575753349147,0.6107619889936771
1.3210728750069403,0.5198048932094865,0.5038576670209072
-0.35152353970398886,-1.8485700996136964,0.8851950530379534
-0.3870294006835926,-1.9261315395274705,0.9649436161389912
0.9327453986456073,-1.449892184604522,0.7430503314179566
1.491912672398076,0.49929626355616863,0.61877504521578
0.06814506226237427,-1.4113907529587313,0.4991669017620393
-1.1588776681164195,1.2701342964500553,0.7390596451694067
1.1502084630680853,1.2085057185367578,0.6958663950623731
0.09060682846508783,0.06915938984673309,0.0032481546421185645
1.8383689694895957,-0.5101786531606676,0.9099706815307678
-0.34463452740546563,1.3531431410224113,0.4874423293939965
-1.9362680794163922,-1.4093662699019247,1.4338618395260272
1.628049996298068,-1.2063083551092628,1.0264316595131386
-0.4700036590849508,-0.31045424308855063,0.07932131915123189
-0.24643938748937533,-1.0871921517148704,0.3106797866141371
-0.5015879074959178,1.1658979698200072,0.40272712624413687
1.7661993634007418,-0.5139377056076828,0.8458980391306188
-1.7680412557685283,-0.36661968295985936,0.8150949685082857
1.0477315289946034,0.40140304587371034,0.3147164405215154
-1.3040559991554708,0.9199927510620602,0.6367371777350278
-1.2471756721993397,-1.054180720478691,0.6666860371887118
-1.8940108656022159,-1.6885639149327942,1.609631313458105
-0.6582168819469358,-0.8164513565715477,0.2749605703318667
0.0611080427884203,0.42193578045710023,0.045440998930843426
0.5851229697327858,-1.7214155255699302,0.8264100753455283
1.4974742019893337,0.14348105300165992,0.5657539495485142
-0.7619392394813356,0.49746334828248706,0.20700529688645475
1.746716422970124,-0.7143036603129991,0.8903119953525234
1.9132230896829832,1.6003421893096963,1.555379428445163
-0.20009177009631784,-0.6631392423145264,0.11994759278944046
0.3723204529433679,0.9998494275623924,0.2845803493691996
1.7379382266374508,-1.300067969272816,1.1776515010842177
-0.9725319064237614,0.8909981914469531,0.4349240215434943
-1.9172195087192367,-1.3692092158290254,1.3876161303311916
-1.028791725825355,0.5780290693639336,0.34813250503911186
-0.5615740359212857,-1.4129133840111234,0.5779224071346715
-0.08803731705070783,0.8826025970449738,0.1966844783760048
1.6819199455946068,-1.697607524788801,1.4276815029021312
-0.06496409340567677,-1.5388732911837861,0.5930878349377099
0.6094944742929536,0.02347719526556835,0.09300867322279537
-1.2803347983681932,-0.4299777938016285,0.45603452476875944
-0.14582209503671617,-1.5577620353134543,0.6119716605162032
0.17845257284966998,0.02592320437750706,0.008129333320466193
-1.6881588664923668,-0.44216044257427933,0.7613465538735689
-1.8587291636179604,0.44649079110268985,0.9135570325558571
0.8246557171037692,-1.0149049130293681,0.42752225856077025
-0.26424716827835404,-0.24738349421706696,0.03275628978854359
1.8181431625349171,0.9389701272930968,1.0468273648553212
-0.15021510213678546,1.7934935867117212,0.8097959556215097
1.860997696837444,1.7680918223171793,1.6473652799447889
-0.9885695716185667,1.910185000602418,1.156519133614144
0.46582928218994546,-1.9548796579136134,1.0096378492675115
-1.9633556864643475,1.6758427504859705,1.6658036189820682
1.7477145129582636,-1.3262428189530935,1.2033565084073972
-0.4056770424734202,1.735485692700879,0.7941211130898578
-0.6940616996537639,0.29191301389903845,0.14173371265247292
0.6152638988233776,0.9531183991020131,0.321746086975532
-1.1343980684672923,1.4284747073481023,0.8318497418188926
1.9418475236575716,-0.1587083774794813,0.9489900385543032
-0.2216198412787258,-1.3327375493238338,0.4563261823565265
-1.8335768659753486,1.1911889495455874,1.1952338092398753
-0.9911274135596235,-1.5639838836868019,0.8570947845853603
1.3256854131928297,-0.0941114746265388,0.4415746961021563
-0.984481186405588,0.6433505909410555,0.34577579731268987
-0.19515803337483684,0.06305552359954669,0.010515664261786729
-0.5065758619491474,0.8134561965748031,0.22958252191386658
1.5393022630400712,-0.2612871592490502,0.6094306091471807
-0.9328509973180479,0.19359817392993373,0.22692280903657036
0.5080016102512914,-1.5996091787866487,0.7042037902191003
0.6308845870181061,-0.40422057066593275,0.14035240797162468
0.9390169706191211,-0.3603179744030114,0.25289547844715016
0.08579828978404258,-0.6193439207519882,0.09773705967557789
0.16489704101602154,-0.9763143425105372,0.24509518238190547
1.7941178760391296,-0.8486437873257393,0.9847638077224331
-0.9618902555446365,0.38835551044067396,0.2690132165503406
0.05207882040222378,-0.19999676794439347,0.010677727680672664
-1.9893632269179276,-1.4811435608712125,1.5378380741308912
1.1215742475864872,-1.3071806888322155,0.741662536526265
0.20988314799216168,1.014888421698939,0.2685123610774157
-0.8490661739482719,0.7539143716015251,0.3223250618626199
1.1494717779284582,1.2002638838879744,0.690479689804964
1.2837684029843324,-0.7516398231370456,0.5532559340566081
-1.289682120253484,1.9477363686367246,1.364239233252924
1.1979559242941957,0.5965462010833029,0.4477414416446204
0.8574815953134403,-0.14788149316698274,0.18928590558064473
-0.035798716974324574,-1.7745328313347124,0.7875620794054496
0.9523585523633038,-0.7784148442994461,0.37822912052131463
1.5405551704795002,0.13496538952041748,0.59788147241488
-1.1945084000407467,-1.6107040923570932,1.005304497725948
0.712104118088368,-1.0370846370690119,0.39565920486074413
1.885476172596455,-1.0520818089905597,1.1654741325594564
-0.22507286707249907,-0.2563038732395273,0.029087367732454628
-1.392567416594003,1.7748457247687486,1.2723303391223
0.6358809734856332,1.3368902436809638,0.5479050340225958
0.09187911751087041,-0.9466004225963554,0.22612353307354371
-0.9574342391016986,-0.516757819371592,0.2959297415214829
-0.23880768565545285,-0.10673824306478874,0.017105540815167877
1.9703069136466076,0.1370520437246725,0.9752231491631825
-0.742623530287684,-0.058623373696876424,0.1387316019201366
0.1399200280235937,1.7899651409995072,0.8058882050588773
-1.5326828148498302,1.3982363140811005,1.0760453502377751
0.27306203808449947,-0.9122910349509925,0.22670945227370343
1.0942768081218488,0.24147066611546508,0.313937453846897
0.1701316262496242,-1.5520498527427304,0.6094508789122682
-0.678862400429872,-0.013376993796709424,0.11525827567011127
-0.07622330166932523,0.35869567964927507,0.03361814557910708
-1.8223455951944474,1.0857524895178594,1.1249504842047084
0.3759996910305343,0.8148682685814648,0.20134651569900286
0.37157682496854294,-1.1365975558406762,0.35748083519917556
1.6667748251914971,1.6149046039735007,1.3465137994567387
1.8221338105894755,-1.7268797015376216,1.5755712818189969
1.4261218607056176,1.804279776265866,1.3223122681561141
-1.2839887277872335,1.36186527293451,0.8758260186774165
-0.9673100468694891,-0.4011221512018559,0.2741469267398644
-0.2242533933170896,1.9797618066936522,0.9924365989142858
-0.568183662302574,1.672901159970487,0.7803577412845416
-0.12726245051688823,0.5813175278017968,0.08853144986028906
0.0346862431833217,-1.8608794895349194,0.8660189025094787
-0.2748938234531395,1.5882244720481813,0.6495058969463525
1.362775696254868,-0.7796592572671184,0.6162565389363138
0.13837347657808463,-0.33385638073150625,0.032651825493861544
0.8245481932605823,1.087845798087009,0.4658220508562131
0.791197103158789,-0.9417770580441251,0.3782342207762767
-1.0866996897522867,0.6742811125443406,0.40889280861043753
-0.41349305982005546,0.24367887068313943,0.05758897563419054
1.386333858151478,-1.436366222961329,0.9962673731803391
-1.3882248808162507,0.14131270795233863,0.48678440028652914
1.505093543840435,1.4569643672923238,1.0970129358174203
0.8639596830279195,0.4655427072434315,0.24078908654131162
0.5089577012735602,1.2915923385071584,0.48181217764401413
-0.00289277837744617,1.8031668964347873,0.8128548061412509
0.9884970200440959,-0.5868398321312771,0.3303768368029808
-1.7835923618111145,-1.0774717724467897,1.085536783382644
-1.3080170609431274,0.4007687446144268,0.46788105459453017
0.2706713450678655,1.9435746620624492,0.9626863610130028
0.8327665459517086,-1.4988489070898856,0.7350120415852209
-1.834255944104493,-0.8869108353740529,1.0377764245966414
-1.7667403133852702,-0.4341278420727064,0.8274595795508468
1.3723608171151929,-0.6481374651064318,0.5758640965069177
1.4640579854277318,-1.9205910368571089,1.4580339288876432
0.6236789189538374,0.5660979657697411,0.17736057519901657
-1.9570778002647717,1.1357132113887736,1.2799995037030496
-1.9205341368008289,0.3790712179534288,0.9580365897245002
0.5612556809899103,0.43711411818961565,0.12651917294103332
-0.8546281617562546,0.2484612600924403,0.1980305731583995
-0.563692781024586,-0.06501251956443843,0.08049404476983708
-1.7981295141607836,-0.6801291498726245,0.9239613525506387
0.4917002448030936,1.2732024848493118,0.465703424541471
1.9838450242829824,-1.082580671072709,1.276905497438146
1.0928275202349762,-0.27304524542251984,0.31720642375769287
-1.38097379315513,-1.2977402943332197,0.8978046222293349
1.4820144727210787,-0.9207509176944781,0.7610372874474902
1.9460951646579998,-1.594835716353296,1.5826968380153446
1.2732645250906365,-1.7953271054329907,1.2111004915891712
-1.0539292767766262,1.4610497926314996,0.8113583542488625
-1.0661265646097808,0.012474816792421795,0.28419536820516444
0.4020514427322488,1.984929258613834,1.025397381076087
1.6545867353204549,-1.8171064795426726,1.5098833056735916
1.3442660334727203,-1.2631228432857604,0.8506326214946962
1.5017227388606003,0.016085919246755953,0.563857485302249
-0.728263718558575,1.6428822829837877,0.8073575598776964
-1.949840351434804,-1.7577749833198988,1.7229125720171674
-1.1596130907194042,-1.9657507819196383,1.3022196641963695
-1.580199474852332,0.54669970989994,0.6989777382820661
-0.4819183746082758,0.8851633027836696,0.2539398480949942
-0.3461054828084218,-1.196963477376138,0.38812764285060675
-0.37154426643315563,0.3472727684713215,0.06466087941027196
-0.12044866828518908,-0.7178354082474563,0.13244888875636693
1.4121011557268148,-0.4264257486951286,0.5439671482888018
-0.11286776932241604,-1.6487581622626815,0.6827856527449082
0.2260696088945977,1.361091930528021,0.4759196778535628
-0.9794701091718698,1.7281654558273472,0.9864793843690243
-0.12606275391204091,0.8918350736425738,0.2028154041257357
-0.7179356397815333,0.8813928919947043,0.323071253231827
0.14160770154911306,-1.2999256155750056,0.42746483679152003
-1.419308874869761,1.397840102071883,0.9920986583110998
-1.1389389479683198,-0.9832864640771177,0.566008549409116
-1.778698185713056,-0.14348987331289909,0.7960891449005671
0.031567048510858786,-0.7126362775218271,0.1272117356479634
0.47621685655563484,1.6937443596064576,0.7738881125416048
1.374072294761802,1.8518647958155596,1.3293694733032422
-0.978591219980649,-1.0932280643020302,0.5381970941001948
0.7141363682679076,0.07976610503141357,0.12908834599868976
0.15975011669865902,-1.9169608198521817,0.925064721158396
-0.49339793799409337,-0.46519257917571366,0.11496141523424397
0.5850547459481428,-0.4524249572976031,0.13674434943554598
1.3681618251691594,-1.8951985976134673,1.3659111260615648
1.2790737579120561,-1.9199569274307997,1.3305660703421966
1.1329181372500674,0.4010575683141373,0.36108766970305284
0.1516596520387461,-0.4371332128393157,0.053521523955934014
-1.5199461968070431,-1.6093052417905032,1.225024950610646
-0.6492167288017776,0.341309467500456,0.13449362839038143
0.6898083720253676,1.6968696426603085,0.8388005435746028
-0.8216672909436435,1.1422754578862495,0.4949825896739768
-1.2613838238235937,-1.0909492444808628,0.695314851259299
0.6752139357237095,0.5294545041965799,0.18405898275238697
0.927700465660636,0.4322340163100473,0.2618635997106188
-0.5307294500661253,-1.2722549191933195,0.4750765821447729
1.5876065672923576,-1.152737202544746,0.9623244176601274
1.3375695777087664,-1.5219273619346403,1.0263388175543353
1.1175067163050119,1.805730261990067,1.1273707600133815
1.1363393950037644,1.423746154323044,0.8295800831467945
0.14185221579386242,0.32962491083093637,0.03219365824148282
-0.4881341189279662,1.7184173790092885,0.7978083016356836
0.044416855676153943,1.556974617619367,0.6065357042447826
-1.00748235321984,-1.8378597579247438,1.098187295462146
0.35621356692858397,-0.8889901391225501,0.22929789318027893
-1.2863470630071419,1.1181542220273704,0.7262394076861833
-0.6974981202471762,0.9722139194300223,0.35792588322045754
0.9273200885282491,-0.9166119598884612,0.4250250078996515
-1.190723081982493,-1.4216804060992172,0.8597491587630806
1.348162106714632,0.6416935544026274,0.5573279209357782
1.3638484694395845,-1.0634100539862863,0.7477308976279534
-1.4256546032926627,1.5437010272449498,1.1038759773516682
-0.13348626149585252,-1.1466017491316256,0.3331285382799606
-1.0575637298576233,-1.9033801914072002,1.1853242989379194
-0.5124912562094988,-0.04993248806156947,0.06628513526380223
1.9411740601016079,1.4167982048657626,1.443868471230552
0.38085794044996213,0.914052956817617,0.24513639466770382
1.6626220225260857,1.2647933295636236,1.0910035390743422
0.8179363708272693,1.6833283161664592,0.8756535316824727
1.1437357358384643,-1.520559141819188,0.9050578843009647
0.18387070671450978,0.16002935848329125,0.014854458091066752
-1.3787314190887847,-0.5862483371778371,0.5611468597065883
1.6741458588609301,-1.1715106396662485,1.043800383898106
1.2668185600877524,0.29976018706232566,0.4236713584826117
-1.6149062407314108,-1.3677264111413607,1.1196494255217209
-0.07750396777355562,1.7649479098229768,0.7802619973522847
0.1481480028253026,1.207651728474647,0.37009263200723214
-0.6157932082426529,0.7722236740248545,0.24388266951055598
1.557231108598375,1.446251658209352,1.1291531461149562
0.5193143858932889,0.04907241090614978,0.06802388322696645
0.6135993627113878,1.0488689636510187,0.3691575702075458
-1.7643638295198407,-1.6908842207923405,1.4930172927606096
-0.8920653752067764,1.612757866809564,0.8491921426497354
-1.6744674006031843,1.7703173117193072,1.4844661149639649
-1.2448265801037421,1.017731835912215,0.6463428260905065
-1.7995146041516956,-0.20089762335471262,0.8196531664062014
1.497591244938186,1.9167960788617124,1.4792216862137855
1.79250773462114,1.5658287313430237,1.4162258986439786
-0.0015399038308028246,-0.16294307473333935,0.006638204226840684
1.6451403891016159,-0.10842581483098757,0.679560764293795
1.3713681267715065,-0.4474740241217203,0.5202208853471192
1.6856221657852624,-1.8756375014666968,1.5898345306737078
1.808272814406045,-1.7397615879108743,1.5741552385225313
0.409644435386205,1.4802929844316952,0.5897689708001443
-0.04033954818435559,-0.7090360692494806,0.12608985666111805
-1.6253575595230099,-1.8116053429908137,1.4809252787628644
0.9314468032456746,-1.6053860080331859,0.8612143455163288
-0.007530561469937247,1.348913615297488,0.45490616272274803
-1.7663517779346036,-0.2852381615111592,0.8003398530487503
-1.561371374015898,-0.6270597160161633,0.7077711137616411
0.19680136735790565,1.3870709219194897,0.4906741301571311
-0.11830472227212407,0.21501114460701842,0.01505644990427615
1.465607379755009,-1.654888632334539,1.2216653442556062
0.4932057993652057,1.5293489841922776,0.6455400689943558
0.38110783935454107,0.9252653482157145,0.2503397874565585
0.27786080635099486,-1.5203792298438437,0.5971899075616461
1.2393766970469233,-1.9932772429667032,1.3773021911279706
1.245477058479945,-0.011880525769509376,0.3878385625231041
-1.5382655326902674,1.8463817978620618,1.443846648134803
0.6013475970144966,-1.658226940651283,0.7778338797842058
1.811840244322926,1.669786400297598,1.5177379233917425
1.9517789659107323,-0.8489000387708878,1.1325181018991957
0.26044552049443537,1.385053330958995,0.49655114968655617
-1.4097865411714627,1.6562439930929198,1.182660564081144
1.9324831747393487,-1.3520114058875827,1.3906065155751977
-0.6923144774279648,0.4899754146357349,0.1798438106509541
-1.4145145950775633,0.460343436083702,0.553191904708198
-1.768536549023139,0.8852221255150532,0.9778349341830156
1.5890259800442128,-0.7185357499842371,0.7603242973152203
0.6570663616483601,-1.3089946154468226,0.5363007767196472
0.0838937972036975,-0.07923000167214855,0.003328890593555946
-1.1249427472705475,0.7866485555763312,0.47107803365673384
-0.5819490057182275,-0.6674591944618231,0.19604160538201484
0.11083898587524565,-0.33297944342363195,0.030790147633141154
1.154369241128717,0.3715262359688265,0.36765002221931353
-0.6014253680000321,0.532278216053502,0.16125814313976816
0.8241515866764324,1.7216145360236608,0.9107956121173114
0.7578551643937095,-1.0516859522827144,0.4200969481067541
0.5695034903776617,0.09807939069813676,0.08348844810801428
-0.28473909901515526,0.49229322297681977,0.0808572429742168
-1.0413437566381547,0.7342661323740063,0.40588589316018653
-1.8808913686011013,-0.22991454736677186,0.8976532598922479
0.039453010921812304,-0.27869195231687893,0.01980643608924754
0.4586444831578915,-0.43831167537918425,0.10061797167621922
0.12478546898848952,1.6259668847407203,0.66483493088603
-0.37833382695521056,-1.4087259549633382,0.5319113252014861
1.5700479246788466,0.1388821686782311,0.6210846856412805
1.6822331597471054,-0.2455338663479676,0.722548820819128
-0.564811185483058,-0.5541114127139757,0.1565127832366638
-1.5233899912363302,-0.32188455628188173,0.6060816832429525
1.175814101806142,-1.631745414015355,1.0112829745415817
0.8592154318378937,-1.2710508387627892,0.5884553482569921
1.6725115405519109,0.5767999729350075,0.7824982655142879
0.06538249714093025,1.2858253438699072,0.4144054214676372
-1.5597229475747416,-0.4448869722960844,0.6576650228275043
-0.869829630161588,1.8884465281125635,1.08070846876186
0.10325040880336323,-1.4094258112156717,0.499285441059754
-0.26495251487940097,-0.7192534121218088,0.14688132649744595
-1.094789449010542,-0.4317578492133456,0.3462446945055351
-0.890273412538841,-1.9196021605183264,1.119364800935045
1.4650828693676696,-0.25470460578827314,0.5528355625810909
0.53206121527966,-0.7331384093635656,0.20514526602225194
-0.872837552123436,0.06707027903121565,0.19158595368153924
0.5037845299037187,1.355512558943432,0.5228032875059205
-0.06810340173536034,1.7486069228338952,0.765566060977638
0.5704379665500832,1.376607076606121,0.555111629260961
0.7918645683164911,0.7393271720319965,0.29341354046497303
-1.35373966641645,-0.43831949421024596,0.5061837658585119
0.43200073785096427,-1.37087307336003,0.516479405191838
1.6323137403289207,0.03820800324910145,0.6664769995947187
1.2108939752049888,-1.2053240589210672,0.7297675765504241
0.8684596586490354,0.5079616350648317,0.2530618003496341
-0.5504509785871474,-0.5274907944985312,0.14531070452705996
-1.8754216915945503,1.2895118213589032,1.29501181468193
-0.8748017049053631,-1.05653294842236,0.47038497350184383
1.8889737979831676,-0.26360598868992957,0.909427531685037
1.2582469110115957,-1.134360263097459,0.7174896238911896
-1.4491654539891177,1.9187171820960498,1.4453890344765228
1.7395669930932742,-1.8160388140054557,1.5810225743584794
0.7810338839480768,1.3742469366814234,0.6246421427133235
-0.9577978015706936,-1.1309588728421485,0.5491111501885092
0.2130318402431426,1.8669199140685464,0.8826931326257722
1.5854120975555275,0.49890696895672715,0.6906099206872515
0.5039772325642642,0.9041993344917136,0.2678923718595981
-1.2770140342429661,0.49765465848787027,0.46960625069204354
-1.2245834350901386,1.569461021090501,0.9907031215549004
-0.7151949518802336,-0.22654252812811793,0.1407063340614122
-1.070437896597995,1.3887157113182016,0.7685921543337897
-0.9768427187307362,-1.8146417894859073,1.061786630321468
0.88067887439788,0.2856023016467861,0.21429098862916468
0.9391151451218005,0.8434229702540352,0.3983248906373199
-1.5748306678401147,1.5644187733830988,1.2318744327208053
0.1423937558196231,0.3951846499063194,0.044111722304499675
0.20297165142460072,-0.18194660670568386,0.018575514743435606
0.6422629083393541,1.0911414033495155,0.4007728013830189
-1.791574203942957,0.9703903070772402,1.037848869075825
0.5551000665366832,1.4469386116179686,0.6004418574149911
0.8202577215193831,-1.9557568165360553,1.124451863784854
-1.958987872980801,-0.3487022361568104,0.9898066839966507
-0.7930353187243311,-1.2918113976094268,0.5744204259344554
-0.24034412087307544,-0.14262552075232016,0.0195268339020305
1.0954315754152697,0.5124351639016091,0.3656400334049122
-0.15321434645310505,0.10583516978746799,0.00866892978074857
-0.653070386649393,-1.781424984702567,0.899993976510232
0.10474347931808836,0.44243206217231723,0.051679331524427
1.8757961282831261,-1.2603493767733158,1.276772916603713
-1.5126084633066896,0.10652145673219637,0.5748327960028435
-1.704021301372956,-0.5580406095830757,0.8037744793691582
-1.9664217537156854,0.5165581923784943,1.0334117198999022
-0.9106570499702298,1.1901047160651723,0.5614113744652616
1.1454231865156919,-0.2779089788804745,0.34730691918753737
1.9954816707635485,1.4228606196358489,1.5016198603159487
-1.7648713116784327,0.42558425537289724,0.8239731763017137
-1.818630931175429,1.1306135453257027,1.1464263631754905
-1.024313488508871,-1.5575509766699915,0.8687957919167144
-0.2403021724196197,1.4398682590921195,0.5327414344026399
-1.68843027051052,0.4466389078337607,0.7625707730917906
0.2715692009824089,0.886799965228072,0.21504100231268344
0.7000145413624508,-0.005096723616539123,0.12251158367762643
1.855469774436283,1.1609143927134635,1.197622577763975
-0.7292801876426238,0.9904075399412839,0.37818917181515166
1.1111099036475838,1.63654811200758,0.9782137352248294
1.2900808249729794,-1.8995966685695533,1.318194009550877
1.1417800909895295,-0.8807177890186106,0.5198314000184721
1.3649783561863615,-0.538182748752924,0.5382016459781187
1.9985356618387602,-1.2934217562234926,1.4167711577783888
1.4547208792257025,-1.8701342421514813,1.403403730030674
-0.08722987419191641,1.3758629630551535,0.4751519860146111
-0.6832422504369564,0.33173732751121987,0.14421740681161074
-0.5093516363271311,0.7642590495645032,0.21088274606759094
-0.9123426835317643,0.20533447359861645,0.21863285456049047
1.2802413231378038,-1.1512917669938707,0.7411226445543759
-1.310261921110694,1.4088184600361173,0.925388938812806
0.2071680912521825,1.618310083842815,0.6654615363751029
0.020031980444557895,0.9778356766752632,0.23914097270487522
1.6791205098446929,1.2242120507839789,1.0795352079664542
-1.9569037346608633,1.8340684927358524,1.798319865693999
-1.1222270136095158,0.38713412184737317,0.3523165745933673
0.9984795388788656,-0.24515202508446876,0.26426522624069204
0.6027957446463792,-0.17419013525418237,0.09842622824591328
-0.2824676901152383,-1.0128881462489088,0.2764325981926473
-1.3475250979121878,1.5284163952450665,1.0379701416892937
-1.5623942335322991,0.7403454377160634,0.7472967770304926
-1.8224004824894475,1.416219485660772,1.3317052875357582
1.2599976418986092,-0.10720960338702845,0.3997719891621149
-0.1430265082427873,-0.8677892645004186,0.1933786974105754
0.6592927323494648,0.8057346744506462,0.27096881813522794
-0.29816550947056,0.47243733439299307,0.07802492649154884
0.09558376137145652,0.27553112735973206,0.02126341439551011
1.7377923362281722,0.6950259124598825,0.8757458057110152
0.4719972103276322,-1.2427581737526743,0.44180731124653727
0.4164868762059819,-1.045621261474218,0.31669628512468795
0.24989836975965485,0.10344845359240118,0.01828769443979809
-0.6843597156465164,1.8554942493257944,0.9778017824202185
-1.8878535082431354,1.3624674786931021,1.355077124770563
-0.5373067899983126,-1.8217374590643827,0.901856489084161
-0.2572839253388408,-0.0318265954974386,0.016801987604679946
-1.5664012857385314,1.6784571282605167,1.3177078298429663
1.951081713366619,0.7321745474143779,1.0856998550287678
-1.6959048348687142,-0.18113113657493685,0.7272254243920023
0.775767552520815,0.4841468390106063,0.20905336431702431
1.7860982247521728,0.8576023708662546,0.9814071737445711
-1.3656344078195706,1.5098377616495569,1.0361418505809132
1.1478653302940245,-0.6963802864891862,0.4506350799754427
0.8681309605860426,0.13092641810716987,0.1926982729216046
1.7033221227621218,1.229421589222611,1.1031959244843779
-0.07478642692609538,1.6313851623928355,0.6667526394319676
0.7115757297725294,0.03526682076411003,0.1268959419620289
1.0259352227930578,-1.7858687640046749,1.0604675809037567
0.21813554265988433,1.058791478191492,0.29215562731561173
1.58494555961685,0.15127157610714548,0.6337338791717775
-1.427657479303277,-0.2984556737689381,0.5318204168538645
-1.1957983244246133,-0.6876058436501764,0.4756838572296459
-0.5678858222337162,-0.11064256442816589,0.08368402103932619
-0.026315064799139254,-1.2153246396493977,0.36942661559358037
0.7160104105349543,-1.0255350095651719,0.39109824095956774
1.4511549316563452,-1.051574697482803,0.8029149950141452
1.7498274922280008,0.6908396125286926,0.8847889056989322
1.1113517906135706,-1.930383130883662,1.24037045862505
0.8239632375867303,0.903949748442221,0.3740101411507903
-1.0624394745056582,0.20047992069055454,0.2922424588969876
-1.015061032813383,-0.20531219414685475,0.26812549935039187
-0.3346773384609003,0.6221009311158681,0.1247546223436255
-1.93053672199995,-0.05821394559579662,0.9325902246130356
1.019981721674354,-1.0478977558622207,0.5346131048227144
-0.8742011087266013,0.6276364970105459,0.289538787719622
-0.3247986754649377,1.9754303825476742,1.001954843969057
0.15865725940989472,0.6587193623213485,0.11477083106512567
1.9516140410664486,0.050294412768132624,0.9528317233108513
0.8352986403511444,0.8171177378062517,0.34135130400251923
-1.7906822896456327,-0.6413566859968505,0.904470365280847
0.9175485563195882,0.4716531965467943,0.26608802275424237
-1.95289413200187,0.08194067770529312,0.955127441367535
-0.9396344217654842,1.0621956428537809,0.5027931075660281
1.2107377288150913,-1.2280917667220725,0.7435238088667168
-1.958008379253696,-1.7690094284326667,1.7407977927778389
-1.60845401900839,-1.5116090161426428,1.2180215372369927
0.8525624685221369,1.3782983837752862,0.6566422993625315
1.383913536050449,-0.785482897785891,0.6330500144944445
-1.0503327643078086,-0.04603202324846345,0.27632946573570744
-0.7007346518121871,-0.7264819199304204,0.2547012580590342
1.649790223664986,-0.6098190088944704,0.7734217514273997
1.2252949196067031,1.6132206613396844,1.0259571355468116
0.07888060014967868,1.9115570375290312,0.9150681142016849
1.8398810196943804,-1.44472043802954,1.3680948276729747
1.074407605316638,1.8070529382433484,1.104948005994038
0.6312750159790665,-0.17085414851349867,0.10692482146591084
1.4301995912107461,0.10583094427938189,0.5141677648666128
1.1004490655826302,0.4698233743288376,0.35793053725185475
1.9361524890408424,1.6472929322003065,1.6155651163240332
1.0806357777527822,1.0141579791492599,0.5490725227078678
1.436931592719417,-0.8095708008061298,0.6800443209182597
-0.9810550795588528,-0.23036942359576296,0.2538847851140178
-0.6131653044633332,-1.8064537436627006,0.9098117046476495
1.1117173590026033,-0.5045109107624786,0.3726116863465272
1.4000778544158927,0.26424787005628403,0.5075112338137732
0.012938236458825969,1.1930069761266249,0.35585826076236443
-1.102392357882258,1.44900286810346,0.8287195556223144
0.9114743775053125,0.2017307403139017,0.21787020810907293
-0.10757079024798699,-1.5231518274337486,0.5828907410823361
0.9547043214311546,1.7299346140010199,0.9760335275195448
1.7253305349596277,1.7161505015587242,1.480484499716084
1.697876091024344,1.16640988542167,1.0608238103203749
-1.4314648956681824,-0.24269029396011144,0.5269975815781913
-0.940617042239384,1.973737892756,1.1951004223630157
-1.329247557493046,1.7163953681443802,1.1782280322221776
-1.9160422821488985,-1.3668158324356887,1.384850886694806
-1.9176387603741123,-1.985914059253039,1.9052982665070113
-1.3598613736668437,1.0389635035887799,0.732167029345137
-0.7121823191837273,1.8529616013979884,0.9851675880033275
1.4920851608620915,0.17729761238537023,0.5644381426556015
-1.0236487364744327,-0.18050385664670987,0.2701095944875096
1.3667471968461813,-1.254974381703112,0.8607396497045007
-1.1147364554327854,0.8270591071236351,0.4816660329367487
1.2441762670081151,1.5922954461128205,1.0208448427744687
-1.84227122395707,1.8527251530851556,1.7066384388736737
-1.568736537197081,0.7508257077316154,0.7561683916319424
1.1242294889839255,0.01615844371882158,0.31603825980111816
0.03650714023625268,0.38348249264466716,0.03709789836329916
1.6772513220987046,1.634373324583808,1.3710870403982454
0.7601357185096438,-1.6455177588645356,0.8213837513231841
1.3309302653998016,1.888648912077464,1.3345925211121439
0.7663116349712342,0.9572239812215062,0.3758778180294592
-0.9864843021194254,-1.8027991995012074,1.055809058012561
0.22684014140191078,1.1156064972926418,0.32400857663819904
0.9780514006568226,-0.9267031646443451,0.45384082442215423
1.183638370849689,-1.8453882941553563,1.2016144372883304
0.5508740081014842,0.21288650580571122,0.0871957092889898
-1.0691604915744346,-1.4457488684722137,0.8083234868580932
0.35271952838759235,-0.16564776840602935,0.03796256222096578
1.9173344420090994,-1.8585206353754526,1.7825675786576802
-1.692332164230569,1.2801561429641137,1.1256969761145195
1.006845045229395,-0.21714600853561983,0.26522233353148356
1.6890299212332485,1.1790122593896375,1.0607229956530628
0.2931272931788822,-0.16048635793977262,0.027919870272787792
-1.5812640204425161,0.2679718539014151,0.6430512042073478
0.5846533330428407,1.8573142261756046,0.9478589136480969
0.13419135920218572,1.347382856850328,0.4583619709546704
-1.3067311933044534,0.7851417343943434,0.5809984886606596
1.851077872892362,-1.952132635143887,1.809327779176382
-0.30012282263517465,-1.3693070214002168,0.4912688568806095
-0.5124804386893556,-1.7706848018029993,0.8494902168438402
-0.1965175759836515,-0.1171655485565597,0.013086730859762447
-1.1429361035352783,-0.6359845512706794,0.42769482155484295
-1.6722609885934778,-1.5148260630429498,1.2727887038114596
0.0484632574662478,-1.1332767273285573,0.3216662070071913
0.3188812308505877,0.7496627164163017,0.16591985694336353
1.928244333773459,-1.9113414268717994,1.8428380652014442
1.2223975670979743,-1.0927497482454487,0.6720894560843845
0.9765602188352682,-0.6501147435290497,0.3440797601913573
-0.4935325406352553,0.16639748324524284,0.0678156227740602
-0.9750055493824821,0.03144855178422201,0.23790620818399016
0.6443774387775627,0.22486895241447513,0.11644708234137877
-1.08916318934746,0.6331499354294143,0.3967888234409507
1.0631857209292415,1.0905214750847136,0.5799002412021926
0.8916573906090028,-1.5403570361378391,0.791938175251751
-1.6815806763496552,1.24340215845017,1.0934406246777764
1.5722831499384715,-1.6647390009008118,1.310857561175169
0.968699714175747,0.6092210205385382,0.327382347027548
-1.4222303782655756,0.313137625843233,0.5301986053950447
-1.3492780014418253,-1.8839597211630204,1.3424638390348729
1.2717440793001553,1.1590821362678039,0.740201100462534
-1.1758714340734304,-1.0042322560363126,0.597789013383422
-0.45800502452904723,1.510437322899092,0.6227973772251072
-1.9768902460321787,-0.27627416221211787,0.9961056143907939
-0.5356917046085465,1.1465143066871208,0.4003651644561649
1.307669206774011,-1.1802256238213125,0.7757328193673443
-0.11053324836973744,1.96521539375812,0.9685722857147622
-0.9541078271796741,-0.7621862056773847,0.37281238950260187
-1.6647246147616381,-1.1845307654574175,1.043605294327105
-0.5305374989706766,0.023099679727848876,0.07050090825439746
-0.8805110851239646,1.2670814473636156,0.5951987913198141
1.7528067824411409,-0.14721078015217026,0.7735006575911689
0.9469597726227437,-1.326846964890232,0.6643139198010346
-1.6192344609442886,1.095256084462719,0.9553765325155369
0.25970819905472897,0.7574148922081281,0.16028141689872524
-1.7556023846517896,1.983865474033915,1.754465488014715
-0.8185163240709077,0.1318555869757092,0.17183871714681498
1.8206208429872595,1.8133831481638767,1.650754673991093
-0.3693378830412062,0.8938205814934554,0.23383142593766465
0.7521823358894371,-0.295121155472148,0.1632186907078264
1.5153606162099216,1.8451878893017204,1.4252590359964628
0.9623643187111437,-1.9984070761987818,1.229943981032432
0.4064983053037903,-0.3300603820800361,0.06854518200841822
-1.9250063459638942,0.7449296012470219,1.0651423857038278
0.06705922932765684,-1.4871533473298055,0.554030504678066
-0.25151908959212843,1.9976351778231862,1.0134520390264814
0.25461828461725755,0.975475347827417,0.2540956562701137
0.20065685240207598,-0.07497702983842647,0.011471181854825199
-1.6849161651305788,-1.3181669171157635,1.1441266262242031
-0.8111972469286566,-0.23011020472277766,0.17774791993554762
-0.3064082117855125,-0.5360541748063756,0.09531001764423495
1.041939069556674,-0.08344021467437912,0.27314982352338346
0.7749739478979252,-1.2551545806892186,0.5439994103364061
-1.436326016393974,-0.6252459662293934,0.6134912359140775
-0.3394186067239455,1.4978024930358722,0.5896543246837246
0.38381314028112623,-0.696995434584335,0.15827879062096636
0.5914485351811929,-0.2360674245731862,0.10138479967814894
-0.11388011086075567,1.7073311975377288,0.7319871244338183
0.2391677044142071,-0.8591175837491578,0.19882105338543818
-0.6263303962675719,1.1528361101627702,0.4303302155459801
1.752615840113962,0.1967904575614936,0.7775971918014076
1.8520452307092712,-0.6359646910210772,0.958630656204623
-0.349227666639055,0.6724928232627665,0.14355164012152136
0.5316850541005671,-0.7357428520187681,0.20600163526265847
-1.89297024391011,-0.9598218456504966,1.1261485799292565
-1.0565062430456469,-0.5541786243987268,0.35582984733372314
0.8784854473622032,1.985179737651357,1.17816881800217
0.6171359543202497,-1.8821886585623613,0.9808727331338866
0.515188515000276,0.38640303970729306,0.10368162877080636
-0.9973089589245827,-0.9514337640757606,0.4749628417436513
-1.8004334550456536,-1.293397398279665,1.228609363981059
-0.1503906804251507,1.6655101744402536,0.699135374480686
0.5743893778928206,-1.537818398157543,0.6737021457869833
1.2925781933922513,0.3713993105685498,0.4521739584809926
1.3608698985394425,-0.11835971315564153,0.4664939756122596
-1.4403153230506485,1.8253006474501126,1.3515576708490735
0.947973449656494,1.2089289324911539,0.5900407062669586
0.7338253858526054,-1.6256103211669362,0.7952771533015486
-1.3031513337676692,1.9036468683865162,1.3305186995545615
-0.9837858226672087,-0.2799873552791112,0.26155686599929695
0.061191411729526024,1.2608955977506873,0.3984005243241288
-1.5645730350093565,1.8675031198564467,1.4838641711379879
-1.154126916247384,-0.8122879747271226,0.49795517317324667
-0.44951385677543243,0.6142107993698702,0.14482940337392475
1.0052092954313947,-0.6371199829928922,0.354091900087636
1.1141402125178907,0.9317425084201063,0.5273631287866006
0.587312703547695,1.9706359311158526,1.0570855461883364
-1.8837399122167904,1.6520812492582202,1.5694621277572807
-0.6554911346969172,1.002181281159638,0.35850898699325634
0.37446040643908907,1.1551084030453542,0.3686240046941291
0.2302578395574919,-0.4600500253346773,0.06616617462203023
0.3605146027391122,-0.21346391246119545,0.0438844051778452
-0.6798775091664342,-1.7150080659800202,0.850871523461721
-1.4587533016745446,-1.72611831888209,1.2768614114816796
0.935324118166668,1.3223496225988196,0.655859932602874
1.4085996817498732,0.3299716246359208,0.5232585841226782
0.9123058395712906,-1.7576341817832746,0.9803949654722097
-0.9301685278781382,1.0867590681079742,0.5115646905924738
-0.03786257879266497,0.7131385158327022,0.127500029409225
-0.9341379715641378,0.4370336634858214,0.26590304323445
1.1397759245374308,1.715927629534276,1.0608741969885687
1.4436749653486665,1.9050772212351168,1.428379156110847
-1.8801733574908215,-0.019135036053262056,0.883854500955767
0.14760365418482957,-0.1425160901324003,0.0105244186688353
-0.5226752125371896,1.7705300679827851,0.8519915248579805
0.9825204515324084,0.9488741761744737,0.46642715997255846
-0.021357685182536557,1.5932440948724054,0.6347207241405367
-0.6575584593001595,-1.5648819887409382,0.7203096915207484
0.016468135273708828,1.47782634803937,0.5460604786096936
0.15049571582987742,-1.390294599511872,0.48889200847875597
0.8383561107898108,0.06321599882807227,0.17670930775161206
-0.4821449750898954,0.9442854800065628,0.2810347111889151
1.0786748430795923,-0.385108110387101,0.32796191844467665
0.751816981423147,1.570970690742791,0.7582944211822736
-1.1221650857016479,-1.709888357360318,1.0457431685510383
-0.34510369952018394,-1.3666158725092759,0.49668387660420166
0.752824667734604,-0.09065616769945173,0.143740880272917
-0.8708590353413919,-1.4300601709273382,0.7008668879771167
-0.9970339348425536,-1.907082753466936,1.1577603239496639
1.7077665136737874,0.6964828395613365,0.8503887027572362
1.2637707564058114,-1.8317030195769157,1.238063119168427
-1.7994989459890531,0.46058412906383417,0.8625835491403009
1.128776351033613,1.6049001365414384,0.9624601247308715
1.8635530055938045,-1.7490342629776108,1.6329876644318342
-1.0186664649624273,-1.9741048849216027,1.2336928658775956
0.9807977358577995,0.240830490694667,0.254990880978005
0.3153331380433846,-0.32015065077182703,0.05048285678447815
0.33142955189389545,-0.12218644281190771,0.03119376866890398
-1.1251645980771454,0.18925745920788817,0.3254534396579824
1.6264347073789702,-0.26082030883164053,0.6783292727164872
1.3799716993868723,-0.5870422382470291,0.5622351201486935
-1.5101022469393532,0.13263600091835492,0.5745002762377244
-0.44670388495631386,-0.3076043097473691,0.07354119305255477
-1.683990691235501,0.2608233745387367,0.7259633702183986
0.8468627759842868,-1.1242247242959205,0.4952644480165127
1.7558910600884752,1.539727976246362,1.3634789139335868
0.4047027773990619,0.700878717013881,0.16375382849938463
-0.9878919547993048,-0.8093287122343016,0.40773586970100617
0.024574015665991933,0.6795283571033113,0.11559066758836944
-0.8087320256130339,0.18727055901276923,0.172279437881279
1.6871929911205998,1.1950446333859848,1.0686879662677797
0.28658312905526406,0.7359957173154643,0.15595489644145277
-0.20287300628261296,-1.1370654900346064,0.33351884632644624
-0.9806438217365594,-1.2383267168940062,0.6237788407208933
-0.6193002518489932,0.605992080776721,0.18768980097608157
1.244411672602845,0.6302560167747062,0.4864457643977322
0.4010926773743444,-0.5745086885998254,0.12273389228000277
-0.5672772677502151,-0.9929544696916373,0.32694051934668744
-1.4333505015494894,-0.05162315252681715,0.514289652542245
-0.16532952156138947,-1.4101944488070761,0.5039955585365028
0.23804288158999398,-0.6048037145440284,0.10561298665048062
0.08403685932317684,-1.3580480270781496,0.4628391593939395
0.26343386768884214,0.9630486862166432,0.24921504366727623
-1.2181640374269258,-0.9609240328501625,0.6018246547473223
-0.1994224568337617,1.5983604842103527,0.6486313884436916
-0.27091593976593975,-0.011766642739904132,0.01838347507515771
1.388967602395942,-1.2027926399759856,0.8439852838214832
-0.2620881930768433,-1.2354800648299795,0.3987753028856438
0.9655023741392585,1.9341010569390211,1.1682354332302958
0.2537832597377738,0.3775587439896291,0.05173913702153916
0.2212929729778934,-1.60918138478366,0.6596088272559131
1.503821585876894,1.6262733618075256,1.2265611023685117
0.13446324739795523,0.5751267662855892,0.08721279054973062
1.3358302909880253,-0.3963785811945395,0.4853896364877371
-0.7539837010473143,-0.13572832872750284,0.14672840016604172
-1.7709893868414213,1.7368599360644086,1.5382714614526538
-0.9764363759479369,-1.6782628346565156,0.9424985346159159
-0.35697600968304677,-1.3088459351608912,0.4601273883691046
0.4350108693893202,-1.4952839481081686,0.606277135489201
0.3717788854591677,1.1802101623034438,0.3827788917193955
-1.1632211267469175,0.301388655610376,0.3609796278602495
-1.6234202884027855,1.7120615724540063,1.3916620651678668
-0.2824112820910645,0.7036973401844184,0.14373651970873597
0.4182435468113761,-1.622623626977206,0.7019587748185058
-1.9842698483668064,-0.7824075440581089,1.1373720990341676
0.8060891175288227,-0.32147000166922934,0.18828065684290263
-0.7120860065934234,-0.39788559608499385,0.16634485708951996
-1.0710652585578297,1.6796105750100714,0.9920681179438033
1.2505737013882663,1.8294737577092737,1.2277272031877098
-1.469667596185769,-1.8721121188373941,1.4161816571940735
-0.13301950529105033,-1.7452020464960154,0.765856092970439
-1.5648235231757388,0.9277674749999325,0.8273562865879706
-0.6717613910168416,0.857106235877743,0.2964736165103488
1.5937218232795431,0.01619904276619133,0.635052914746003
-0.14187165500721655,1.600332064949865,0.6452975711502964
1.7970375534633969,1.4683630864190516,1.3463585305289485
-0.19325423771437134,0.7343794838357254,0.14416510666834728
0.40296864654307507,0.5253593272367989,0.10959653820286493
-0.36594727907262525,-1.8889729713239873,0.9255340743633078
-1.5757653290496623,1.3546180441717346,1.0795066044576616
0.39708215739023256,0.12989529864327443,0.04363675708182672
-1.1015742031317828,-0.10422958486073597,0.30608238284141587
-0.11999011732486675,-0.3674047248792549,0.03734596502980907
-1.813131577234818,0.7337820081769979,0.9564705379725716
1.369308490439772,1.5208004669125232,1.046959950537949
1.6443668667077658,1.6924357809619566,1.3920703162516557
1.1047124718926864,0.9848641918338892,0.5475867804779673
0.6253711497938124,-0.6168312463359955,0.19289246536271312
-1.5093567287688012,0.05442943994953442,0.5702800746532191
1.2904707769592476,1.3945960877326025,0.9025532685262212
-1.2823782110238962,-1.3584084977023316,0.8724418806846885
0.06802701306877879,1.2484064147465488,0.3907865627218479
1.2522825273121274,-1.5566201216302868,0.9978194328188845
1.1666458440306542,-1.9617581977914362,1.3023894379989753
1.3546615255008398,1.2621613014824526,0.8570397499080353
0.7850642673574777,0.8696004050005728,0.34313269206467334
0.23514252610118813,0.879256463829662,0.20709598419187245
-0.7764476001123088,0.7793321066311711,0.30255735203658574
0.7884095599004541,0.05914488373852356,0.1562719378537178
-1.1951825041440745,0.5046146062756871,0.4207742797697168
1.822205013032213,-0.23218364046682494,0.8435850881050387
-0.5162015232640109,1.1537757983199106,0.3994156513522081
-1.7013852747805362,-0.8866939057265268,0.9202344839231509
1.9620734725554083,1.6921569227646422,1.6782818407414855
0.08888103086413413,1.0838011942193924,0.2956312165597131
1.7392233545223714,-1.7768566996677646,1.5455294020175678
1.4806058997956995,0.10685047703369177,0.5509027137380401
-0.7101819415458124,1.067256242658805,0.41084856939799247
0.9562077463244179,-0.11415530723955625,0.23184117207544494
1.9437690840365556,-1.9698931357072373,1.9146793045407007
-1.2734499615087205,1.5541372139217096,1.0092543210407239
-0.8800989246587032,-1.95367269182674,1.1478527759937365
-1.2978826430055328,-0.0934595902935782,0.4233085125082177
0.8205459083403688,1.2743979776393415,0.5743464482763412
-1.0962824599926475,1.1935109624247575,0.6565759123789003
0.3267857691502174,0.8814551377843838,0.22093802471139654
-1.3598526785170666,-0.7446080788472522,0.6009101245886591
-0.14156730949200602,-0.11353390614280556,0.0082328127402122
-0.6949313101521932,1.906076229281509,1.0290140294154648
1.828629575939002,0.31189032892496105,0.8602904258189438
-0.3868167541475218,0.8658449897978544,0.22482868691181773
-0.4117097026752381,1.5463761537603649,0.6401960220489081
0.9372689221900847,1.439695964878791,0.7377993759479091
0.09168654172981094,-0.8144807081610388,0.1679463114752199
1.5174569329617396,0.2826790899285667,0.595645752819123
1.1050218185008251,1.6259200121128723,0.9661722762879984
-1.7047293032876025,1.9586595455586737,1.6856123032238863
0.35302926208468177,1.456857190547542,0.561765633384533
1.103535527526048,-1.93454715104497,1.2400658350321008
-1.5099094870352423,1.7629826496830288,1.3469836205306054
-1.8758237359464784,0.10679438633655725,0.8825299323233013
1.628664767728739,-0.3755690731922421,0.6984002635948466
1.0846455756955673,-1.2505330882265304,0.6850722574063379
-1.1331786769266787,0.6729537402751391,0.4342401625978994
1.6006124251018585,-0.43898439180453064,0.6886668579096116
1.4329963247336828,1.2636617369592313,0.912579863038766
0.31097168286656274,-0.23681553433020586,0.03819624621124074
-1.024785564668353,1.2362748895232936,0.6446402640046167
0.9236567178847923,-1.6856190638389656,0.9236133402177644
1.9806179832543944,-1.0566887762062231,1.2598596913377276
-1.1844411249295246,-1.5576101552773673,0.9572625435618756
-0.18088492147938595,-0.24913347044030987,0.023696710228059095
-1.4483516586362915,-0.2764993379521239,0.5435436027406149
0.737286793767324,1.6358771264514598,0.8049214472776964
-0.5509180278200927,-0.1726141438735831,0.08332657901059762
1.912074586786832,0.952529430429117,1.1408353853174131
1.0003841095716335,0.17443762351418446,0.2577992127951766
0.5953718317053567,-1.5263619669795654,0.6710621180574798
1.3521653992763198,-0.783988762105603,0.6107474115269913
1.292133671481714,0.1437472615522264,0.4225681750451445
1.3821522060193718,0.8081698082472242,0.6408707898916428
0.10292699698884489,-0.3528736885618926,0.03377845169710431
0.5328941081892871,0.047721417070965,0.07156336604752915
-0.4531976064069001,-0.4501363907308331,0.1020027101782812
1.5068427549644952,-0.6723718198058539,0.6806647380645063
1.146361408798017,0.47113066774481993,0.38402714641776353
-1.9281751272795482,1.5646354640638545,1.5414858642164537
-0.19818462600038744,-1.3813993990975715,0.48688536145251127
-1.9910244526219136,-1.6709192624367502,1.6890373881301408
-0.2431379870959307,0.538811617860409,0.08735851007760309
1.1972522361303777,-0.5715689043584389,0.44002598233717394
1.4910092716136654,-0.8241628062564388,0.7255882448136003
1.7821487571272612,1.8888874616824727,1.685987508857874
-1.0852341671016381,0.08784562342069169,0.29636251274973907
1.473018770169758,1.3012467514280015,0.9657568513435884
-0.05975001173408501,0.9406442854610657,0.22209543391819553
-0.2456913218879242,0.35122702473951994,0.04593116213960273
-1.2747397447552564,0.3128864569892129,0.43071483795648974
-0.36668102404556446,0.6761941148026192,0.14792336357220037
1.9575166094771426,1.9011551722796685,1.8615655663661559
-0.2691728581894588,1.872877929371331,0.8950314414780316
0.08173911478155782,-1.5005522802175832,0.5645846071378653
-0.8758730300877016,-1.4094158881700811,0.6884016776653176
0.39792105762256913,-1.4720145155589321,0.5812919755289154
-1.980132513934656,-0.398632532642786,1.0199581672055955
-1.8774383667940588,-1.3131785331998995,1.3123031702918457
-0.2185288712646809,1.0688633235078622,0.29755591797912206
0.03920659553346795,1.647883475349523,0.6792642763658367
-1.9102090616428842,-0.3322990022980883,0.9398303215277233
-1.7627920980942267,1.9951844831530576,1.772049275729545
1.911272706456463,0.5946864054138223,1.0016538198073563
1.8645402496537038,0.17659489791019434,0.876924025136652
0.9735479377216989,-0.20184739578659627,0.24713448955700093
-0.8712859743992811,-1.8221112528492842,1.0198071667362232
0.032695402769248094,1.863248801461494,0.8681912713774844
0.15617167569301138,-1.3092983902996864,0.4346629667825283
-0.06953814012194659,-0.17039788630816677,0.008467748147477602
-1.7257436145647977,1.3078935428163412,1.1721941356379635
0.3838871450745356,0.3734031895626684,0.0716998205322629
-1.8127270901191768,0.2116797996442461,0.8326969602073415
-0.5112442787448517,-1.2336071681179552,0.44578933944533616
